5855a906-aefa-4ae0-be10-80aa587ee982.pdf,2932
989f9066-5eec-4d2e-b684-c631a9937243.pdf,2948
a111a354-2b38-4f9f-a3c8-23dccec3e4e6.pdf,3036
b718aabc-6b8a-42c9-920e-3378addd5810.pdf,2947
b817e6c4-4176-4211-a5c8-77b54fe2e04e.pdf,2398
c8333aaf-9368-4e25-9282-43f6e98dad8c.pdf,1933
c8cbc55a-36d3-49c3-9685-d5ba498dd46f.pdf,1729
c99468cd-bf60-455a-8c90-37dd5e20552d.pdf,2376
cbdb62dc-fbd0-4de6-865e-65338e6e7f6b.pdf,3237
d1497eb7-6493-42c8-8b10-fb552213f0c1.pdf,2630
d8944900-f1ba-474b-916e-514ac14c14b7.pdf,3897
db92cae7-80dc-4f11-bce4-772fb3b31851.pdf,2539
df9dac87-aa84-4fa0-9837-71a1b3d3a3aa.pdf,2249
eab1d769-2ecd-4c9b-8610-6e0e2357ee5b.pdf,2000
ef4806e6-482a-4abb-97ad-46f6cec0c0f7.pdf,2237
f0655421-ea81-4a45-91e3-cd92c1547090.pdf,4997
fe309d17-5001-4eca-8281-8e129813aa7f.pdf,4055
fec9495d-e03e-4f63-93ac-45eaf0543e4c.pdf,3507
08e4fbf0-e9e6-4c60-bd14-c0f1363f74a5.pdf,2338
3c75691b-b774-41d3-9057-a47aa0287b3f.pdf,2989
3c84db7a-b9c8-40bb-bc40-6fbb629e1c3f.pdf,1757
4f40934c-cbde-4d2d-bfab-21c459bd94bc.pdf,3014
5b42dea7-db0b-4310-b9b1-d84c96b91f21.pdf,2766
5d787546-1f8d-453b-93b3-be5786617508.pdf,3115
312d39cd-cb1d-4919-b04e-155b3a994e56.pdf,1677
69bc9dc6-e39a-431a-84ca-1bf25f43ae38.pdf,2861
72bb2588-c247-4600-b8c0-07aba52e5011.pdf,2154
74f0b58b-7a29-425f-ae33-9cf479fd80a2.pdf,3218
8fdb609a-934c-46a6-90af-dd63d7d49962.pdf,2716
90f4e6d2-328a-489b-9c1a-4695ff7bc817.pdf,1752
c5840f03-33f2-478b-9288-55b7f92e4409.pdf,4010
36b79ca4-a49a-4375-a8e1-1f07f015a9e3.pdf,1945
40dd7f5a-b1ee-4578-9529-96c009d08b26.pdf,2398
45b3f8c6-a05e-444f-8ff5-c852229f6166.pdf,2305
57c76124-29c6-4da6-af65-e7feb336b3da.pdf,2305
6a38336d-38a9-45c1-8b13-af67858a9367.pdf,3093
6c9d76c2-09b4-425a-816f-f82b57bfea60.pdf,1957
6f185cb5-fbda-4f61-bf44-8f76e7041797.pdf,2226
844ee8cf-9f1b-424b-97e2-325d9af7df54.pdf,3093
847f4d90-9616-456b-a244-48efe9ec1e2f.pdf,2724
84d7083d-1ba2-4790-ba0d-692f68f4dc06.pdf,2730
8b459f92-626c-46a9-8133-89ad9e614cbe.pdf,1867
8dbdb5c6-91c6-4f9d-82c5-4c4b32a69475.pdf,3562
8dda501a-2e74-4ae6-971e-e918bfcc9dbe.pdf,3253
8e878af6-fca3-4612-9e6b-272932bdb87e.pdf,2490
9ba1c555-efcc-4555-9266-1d950687d61a.pdf,2607
9e9a3ed6-fcdb-421c-b7bf-5463572348f1.pdf,2390
9fbc6650-110f-4060-a81a-544eee3a629f.pdf,4097
4bd83031-88b2-4d23-981b-8fc040299da2.pdf,1740
510c6b3b-f26a-4b05-89ac-9ec858aca3fd.pdf,2272
5961b696-e249-433a-a878-54247c27f0ba.pdf,2454
5b135ab7-80d8-4b2c-9a6b-11be73b7e4c8.pdf,2278
5e6d56e9-5605-40f0-b42d-d6f0b0b59b7c.pdf,2329
6399107f-4deb-4c4c-9193-46f45081dad2.pdf,3377
b4941134-e91f-44fd-8082-9bfc0d38af2f.pdf,1942
bcc6849b-7057-4ca9-9c09-bc0f1b838f9b.pdf,2865
bdf2c97a-23ac-4541-afc3-14a5c38753d5.pdf,2845
c2b9fec8-8e90-4602-a947-767f375248db.pdf,1958
caaa8b4c-0e5d-4669-a633-2d1f1e13d66e.pdf,1892
d7f8285d-3b10-4eb4-aced-9bcadcf13879.pdf,2226
eadb4521-4c69-499f-957c-b56dc6dd2a77.pdf,2375
f3987989-5344-4d0e-827c-18c8561ff28f.pdf,9999
f894e4c7-e78f-4902-8c8d-5b6aa5f93286.pdf,1822
37486700-430d-4e8f-8a89-480ce7216811.pdf,3731
4628fbf1-ab1f-4cee-9763-bd1e11489cd7.pdf,2362
b50ff1ce-3b68-4a8f-a249-392dd41dd5e7.pdf,2241
b66ac758-402e-4fca-970f-fd773333fd4b.pdf,2097
f16ea46d-125c-48f3-8f50-afc1e8c5de22.pdf,3301
f458ed6b-990a-4b24-9911-ff2c700202a9.pdf,1590
9197ed9c-19cf-4a5c-8ec5-8a68fb3863ca.pdf,2265
6d232857-a1a3-4a7b-852a-e1cd4283a1fe.pdf,2393
7013476d-1836-4a3b-adee-0c3a4d82a2ae.pdf,4053
78fef1ac-c891-4e59-988d-21f34dcddda5.pdf,4031
7d6389b7-e664-4cf8-ab78-86c8c03f714e.pdf,3692
9197ed9c-19cf-4a5c-8ec5-8a68fb3863ca.pdf,2265
a3e782c9-8541-4c50-9ee2-c455c47b91d8.pdf,3862
a3f95ef8-f22f-4f2b-ac62-4b70d313b427.pdf,3184
